"","Df","SumOfSqs","R2","F","Pr(>F)"
"data.scores$treatment",1,0.0930231668191031,0.00679680063878766,0.246359277893715,0.9746
"Residual",36,13.5932936405686,0.993203199361212,NA,NA
"Total",37,13.6863168073877,1,NA,NA
